branch_id,hospital_name,branch_name,city,state,pincode,address,rating,distance_km,wait_min,cost_band,emergency_available,consult_fee,years_operating,accreditation,insurers,specialisations
h1,Horizon Multispecialty Hospital,"Horizon Multispecialty Hospital, Mumbai",Mumbai,Maharashtra,400050,"Linking Road, Santacruz West",4.6,2.1,22,₹₹,True,700,18,NABH accredited,"[""niva"", ""star"", ""cghs"", ""ayushman""]","{""Cardiology"": 92, ""Orthopaedics"": 78, ""Pulmonology"": 70, ""General Medicine"": 85, ""Neurology"": 74, ""Gastroenterology"": 80}"
h2,Sundar Trauma & Care Institute,"Sundar Trauma & Care Institute, Mumbai",Mumbai,Maharashtra,400071,"Sion Trombay Road, Chembur",4.4,4.8,40,₹,True,500,11,"State licensed, Level II trauma centre","[""star"", ""icici"", ""cghs"", ""ayushman""]","{""Cardiology"": 75, ""Orthopaedics"": 90, ""Pulmonology"": 65, ""General Medicine"": 82, ""Neurology"": 68, ""Gastroenterology"": 71}"
h3,Apex Care Institute,"Apex Care Institute, Mumbai",Mumbai,Maharashtra,400018,"Dr. E Moses Road, Worli",4.8,6.3,15,₹₹₹,True,1200,24,NABH & JCI accredited,"[""niva"", ""star"", ""icici""]","{""Cardiology"": 96, ""Orthopaedics"": 88, ""Pulmonology"": 91, ""General Medicine"": 89, ""Neurology"": 93, ""Gastroenterology"": 90}"
h4,Horizon Multispecialty Hospital,"Horizon Multispecialty Hospital, Delhi",Delhi,Delhi,110005,"Pusa Road, Karol Bagh",4.5,3.5,20,₹₹,True,800,15,NABH accredited,"[""niva"", ""star"", ""cghs"", ""ayushman""]","{""Cardiology"": 88, ""Orthopaedics"": 75, ""Pulmonology"": 80, ""General Medicine"": 84, ""Neurology"": 72, ""Gastroenterology"": 78}"
h5,Sundar Trauma & Care Institute,"Sundar Trauma & Specialty Institute, Delhi",Delhi,Delhi,110024,"Ring Road, Lajpat Nagar",4.3,5.1,35,₹,True,550,9,State licensed trauma unit,"[""star"", ""icici"", ""cghs"", ""ayushman""]","{""Cardiology"": 72, ""Orthopaedics"": 89, ""Pulmonology"": 68, ""General Medicine"": 80, ""Neurology"": 65, ""Gastroenterology"": 70}"
h6,Apex Care Institute,"Apex Care Institute, Delhi",Delhi,Delhi,110049,"Siri Fort Road, New Delhi",4.7,6.0,12,₹₹₹,True,1300,19,NABH & JCI accredited,"[""niva"", ""star"", ""icici""]","{""Cardiology"": 94, ""Orthopaedics"": 86, ""Pulmonology"": 89, ""General Medicine"": 88, ""Neurology"": 91, ""Gastroenterology"": 88}"
h7,Horizon Multispecialty Hospital,"Horizon Multispecialty Hospital, Bangalore",Bangalore,Karnataka,560034,"80 Feet Road, Koramangala",4.6,2.8,25,₹₹,True,750,12,NABH accredited,"[""niva"", ""star"", ""cghs"", ""ayushman""]","{""Cardiology"": 90, ""Orthopaedics"": 76, ""Pulmonology"": 72, ""General Medicine"": 86, ""Neurology"": 75, ""Gastroenterology"": 82}"
h8,Sundar Trauma & Care Institute,"Sundar Trauma & Specialty Institute, Bangalore",Bangalore,Karnataka,560037,"Outer Ring Road, Marathahalli",4.4,4.9,30,₹,True,600,8,State licensed trauma facility,"[""star"", ""icici"", ""cghs"", ""ayushman""]","{""Cardiology"": 76, ""Orthopaedics"": 88, ""Pulmonology"": 66, ""General Medicine"": 84, ""Neurology"": 70, ""Gastroenterology"": 72}"
h9,Apex Care Institute,"Apex Care Institute, Bangalore",Bangalore,Karnataka,560025,"Residency Road, Bangalore",4.9,5.5,10,₹₹₹,True,1400,21,NABH & JCI accredited,,"{""Cardiology"": 97, ""Orthopaedics"": 89, ""Pulmonology"": 92, ""General Medicine"": 91, ""Neurology"": 95, ""Gastroenterology"": 92}"
